{"SalidasDeseadas":[[1.0,0.0,0.0,1.0],[1.0,0.0,0.0,1.0],[1.0,0.0,0.0,1.0],[1.0,0.0,1.0,0.0],[0.0,1.0,0.0,1.0],[1.0,0.0,0.0,1.0],[0.0,1.0,1.0,0.0],[0.0,1.0,1.0,0.0],[0.0,1.0,1.0,0.0]],
    "SalidasReales":[[0.99999984340793457,1.4146689224982372E-07,1.0090338539004407E-07,0.99999987545602242],[0.99999984189209623,1.4283240799991423E-07,1.0091277764860092E-07,0.99999987544014579],[0.99999984400067909,1.4181448881179034E-07,1.0632420286964097E-07,0.99999987001208623],[0.99999924159025955,7.2440488041919959E-07,0.99999842415724627,1.6197560130806813E-06],[1.5062305015401017E-06,0.99999845617142258,8.7774438075582045E-07,0.99999915139683115],[0.99999879951198978,1.2734226214540094E-06,1.3933670867295684E-06,0.999998669748344],[1.12055793928284E-07,0.99999988269040263,0.999999476306235,6.1382353305431279E-07],[6.0925042534100857E-07,0.99999943957163662,0.999999935883685,9.1360987088903677E-08],[1.1453550112960811E-07,0.99999989478546825,0.99999994219316246,8.3219857108908926E-08]],
    "Entradas":[[-1.0,0.0],[-1.0,1.0],[-1.0,-1.0],[0.0,-1.0],[0.0,1.0],[0.0,0.0],[1.0,1.0],[1.0,-1.0],[1.0,0.0]],
    "MayoresEntradas":[1.0,1.0],
    "MayoresSalidas":[1.0,1.0,1.0,1.0],
    "RataDinamica":0.0,
    "AlgoritmoEntrenamiento":1,
    "ErrorMaximo":5.0000000000000004E-08,
    "ErrorEntrenamiento":5.35811391363251E-07,
    "RataAprendizaje":0.9999,
    "Patrones":9,
    "IteracionesEntrenamiento":100000,
    "IteracionesRequeridas":100000,
    "CantidadEntradas":2,
    "CantidadSalidas":4,
    "Entrenando":true,
    "Capas":[{"Tipo":1,
        "FuncionActivacion":1,
        "Salidas":[-0.99969480437033065,-0.99651027648682289,-0.99970535383779846,0.99992033243549339],
        "Neuronas":[{"Umbral":1.3209583451338063,
            "SalidaNeurona":-0.99969480437033065,
            "PesosActuales":[-5.7147344240786921,-2.9819258215329869],
            "UmbralActual":1.3209583451338063,
            "ErrorLineal":0.0,
            "PesosAnteriores":[-5.7147344219363925,-2.9819258215329869],
            "UmbralAnterior":1.3209583472761055,
            "Pesos":[-5.7147344240786921,-2.9819258215329869]},
            {"Umbral":0.87145007320465739,
                "SalidaNeurona":-0.99651027648682289,
                "PesosActuales":[-4.0461168735910853,2.2317758164299817],
                "UmbralActual":0.87145007320465739,
                "ErrorLineal":0.0,
                "PesosAnteriores":[-4.04611686421048,2.2317758164299817],
                "UmbralAnterior":0.8714500825852628,
                "Pesos":[-4.0461168735910853,2.2317758164299817]},
                {"Umbral":1.2880229327479544,
                    "SalidaNeurona":-0.99970535383779846,
                    "PesosActuales":[-5.6993905459194254,-2.9918700919548056],
                    "UmbralActual":1.2880229327479544,
                    "ErrorLineal":0.0,
                    "PesosAnteriores":[-5.6993905439162873,-2.9918700919548056],
                    "UmbralAnterior":1.2880229347510923,
                    "Pesos":[-5.6993905459194254,-2.9918700919548056]},
                    {"Umbral":-1.5611435727239886,
                        "SalidaNeurona":0.99992033243549339,
                        "PesosActuales":[6.6265212591695679,-3.4640679676718906],
                        "UmbralActual":-1.5611435727239886,
                        "ErrorLineal":0.0,
                        "PesosAnteriores":[6.6265212586444875,-3.4640679676718906],
                        "UmbralAnterior":-1.5611435732490693,
                        "Pesos":[6.6265212591695679,-3.4640679676718906]}],
                        "ErroresNoLineales":[-1.7553007773241147E-06,-6.7325832645341335E-07,-1.7000334152954587E-06,1.6479546796311045E-06],
                        "ErroresLineales":[0.0,0.0,0.0,0.0],
                        "MatrizPesos":[[-5.7147344219363925,-4.04611686421048,-5.6993905439162873,6.6265212586444875],
                        [-2.9819258215329869,2.2317758164299817,-2.9918700919548056,-3.4640679676718906]]},
                        {"Tipo":2,
                            "FuncionActivacion":0,
                            "Salidas":[1.1453550112960811E-07,0.99999989478546825,0.99999994219316246,8.3219857108908926E-08],
                            "Neuronas":[{"Umbral":-0.15793148913535365,
                                "SalidaNeurona":1.1453550112960811E-07,
                                "PesosActuales":[7.5957550161774465,-0.43276642409663496,7.4460511051609188,-1.2185098330574049],
                                "UmbralActual":-0.15793148913535365,
                                "ErrorLineal":0.0,
                                "PesosAnteriores":[7.5957547871992555,-0.43276665234541561,7.4460508761803119,-1.2185096040275574],
                                "UmbralAnterior":-0.1579312600872585,
                                "Pesos":[7.5957550161774465,-0.43276642409663496,7.4460511051609188,-1.2185098330574049]},
                                {"Umbral":0.15073676521132856,
                                    "SalidaNeurona":0.99999989478546825,
                                    "PesosActuales":[-7.3195874428875936,-0.26136140338013014,-7.7597872137291786,0.58127121721566188],
                                    "UmbralActual":0.15073676521132856,
                                    "ErrorLineal":0.0,
                                    "PesosAnteriores":[-7.319587232543789,-0.26136119370637534,-7.7597870033831535,0.581271006824404],
                                    "UmbralAnterior":0.15073655480330797,
                                    "Pesos":[-7.3195874428875936,-0.26136140338013014,-7.7597872137291786,0.58127121721566188]},
                                    {"Umbral":0.28847046227008427,
                                        "SalidaNeurona":0.99999994219316246,
                                        "PesosActuales":[-0.86889010578488768,-5.5556721622131091,-0.23934151320074903,9.73428401785482],
                                        "UmbralActual":0.28847046227008427,
                                        "ErrorLineal":0.0,
                                        "PesosAnteriores":[-0.86888999021805524,-5.555672047014415,-0.23934139763269704,9.7342839022619163],
                                        "UmbralAnterior":0.28847034666797056,
                                        "Pesos":[-0.86889010578488768,-5.5556721622131091,-0.23934151320074903,9.73428401785482]},
                                        {"Umbral":-0.20975336044730494,
                                            "SalidaNeurona":8.3219857108908926E-08,
                                            "PesosActuales":[0.7806127841427789,4.4961704044706,0.2032968552232815,-10.628782494690329],
                                            "UmbralActual":-0.20975336044730494,
                                            "ErrorLineal":0.0,
                                            "PesosAnteriores":[0.78061261777050028,4.4961702386283005,0.20329668884924718,-10.628782328280517],
                                            "UmbralAnterior":-0.2097531940242347,
                                            "Pesos":[0.7806127841427789,4.4961704044706,0.2032968552232815,-10.628782494690329]}],
                                            "ErroresNoLineales":[0.0,0.0,0.0,0.0],
                                            "ErroresLineales":[-1.1453550112960811E-07,1.0521453175371676E-07,5.78068375389762E-08,-8.3219857108908926E-08],
                                            "MatrizPesos":[[7.5957547871992555,-7.319587232543789,-0.86888999021805524,0.78061261777050028],
                                            [-0.43276665234541561,-0.26136119370637534,-5.555672047014415,4.4961702386283005],
                                            [7.4460508761803119,-7.7597870033831535,-0.23934139763269704,0.20329668884924718],
                                            [-1.2185096040275574,0.581271006824404,9.7342839022619163,-10.628782328280517]]}],