{"SalidasDeseadas":[[0.0,1.0],[0.0,1.0],[0.0,1.0],[1.0,1.0],[-1.0,1.0],[0.0,1.0],[0.0,-1.0],[0.0,-1.0],[0.0,-1.0],[0.0,1.0],[0.0,1.0],[0.0,1.0]],"SalidasReales":[[-1.4432899320127035E-15,0.99999999999999867],[-1.8873791418627661E-15,0.99999999999999922],[2.1094237467877974E-15,0.99999999999999956],[1.0000000000000009,1.0000000000000013],[-0.99999999999999911,1.0000000000000009],[-1.1102230246251565E-15,1.0000000000000009],[1.2212453270876722E-15,-1.0000000000000004],[-1.7763568394002505E-15,-1.0000000000000013],[3.3306690738754696E-16,-1.0],[-2.2204460492503131E-16,1.0000000000000002],[-8.8817841970012523E-16,1.0000000000000004],[8.8817841970012523E-16,0.99999999999999967]],"Entradas":[[0.0,0.0],[0.0,1.0],[0.0,-1.0],[0.5,1.0],[0.5,-1.0],[0.5,0.0],[1.0,1.0],[1.0,-1.0],[1.0,0.0],[-1.0,0.0],[-1.0,-1.0],[-1.0,1.0]],"MayoresEntradas":[1.0,1.0],"MayoresSalidas":[1.0,1.0],"RataDinamica":0.0,"AlgoritmoEntrenamiento":1,"ErrorMaximo":5.0000000000000005E-20,"ErrorEntrenamiento":9.2055992458502557E-16,"RataAprendizaje":0.04,"Patrones":12,"IteracionesEntrenamiento":25000,"IteracionesRequeridas":25000,"CantidadEntradas":2,"CantidadSalidas":2,"Entrenando":true,"Capas":[{"Tipo":1,"FuncionActivacion":1,"Salidas":[-0.996745194026357,0.26636030826381474,0.99997982237045835,0.47777787104767955,0.97321595737078925,0.77603251764291015,0.40781554887631277,0.32841761864146135,-0.27461116373509659,-0.084226544327367758,-0.39554238756350713,0.38097388951271965,0.90509878682440015,0.9645811150043323,0.997760269717497,-0.094054185208992447,0.992270345315208,0.99344222758949,0.89159360641830443,0.87101014107382335,-0.96333368860259139,0.99864697709017491,-0.83759878452086156,0.38089337400715984,0.63964755176118016,0.99987993757764237,0.96726426628161888,0.11500684503143349,0.33081138155443435,-0.28470094693674497],"Neuronas":[{"Umbral":-1.1869441151963751,"SalidaNeurona":-0.996745194026357,"PesosActuales":[2.3298085527195469,0.30718213505365993],"UmbralActual":-1.1869441151963751,"ErrorLineal":0.0,"PesosAnteriores":[2.3298085527195469,0.30718213505365993],"UmbralAnterior":-1.1869441151963751,"Pesos":[2.3298085527195469,0.30718213505365993]},{"Umbral":0.20403068892524892,"SalidaNeurona":0.26636030826381474,"PesosActuales":[-0.13517312848781837,-0.0662617469143853],"UmbralActual":0.20403068892524892,"ErrorLineal":0.0,"PesosAnteriores":[-0.13517312848781837,-0.066261746914385286],"UmbralAnterior":0.20403068892524892,"Pesos":[-0.13517312848781837,-0.0662617469143853]},{"Umbral":1.796402383837808,"SalidaNeurona":0.99997982237045835,"PesosActuales":[-3.3913149662620445,0.56431920357825915],"UmbralActual":1.796402383837808,"ErrorLineal":0.0,"PesosAnteriores":[-3.3913149662620445,0.56431920357825915],"UmbralAnterior":1.796402383837808,"Pesos":[-3.3913149662620445,0.56431920357825915]},{"Umbral":0.029580294133852297,"SalidaNeurona":0.47777787104767955,"PesosActuales":[-0.39046450007302969,0.10005608990742791],"UmbralActual":0.029580294133852297,"ErrorLineal":0.0,"PesosAnteriores":[-0.39046450007302969,0.10005608990742791],"UmbralAnterior":0.0295802941338523,"Pesos":[-0.39046450007302969,0.10005608990742791]},{"Umbral":0.74553509258572748,"SalidaNeurona":0.97321595737078925,"PesosActuales":[-0.29649136892865618,1.1077803737259051],"UmbralActual":0.74553509258572748,"ErrorLineal":0.0,"PesosAnteriores":[-0.29649136892865618,1.1077803737259051],"UmbralAnterior":0.74553509258572748,"Pesos":[-0.29649136892865618,1.1077803737259051]},{"Umbral":0.22410635709830259,"SalidaNeurona":0.77603251764291015,"PesosActuales":[-0.42246531266773119,0.38874651003380956],"UmbralActual":0.22410635709830259,"ErrorLineal":0.0,"PesosAnteriores":[-0.42246531266773119,0.38874651003380956],"UmbralAnterior":0.22410635709830259,"Pesos":[-0.42246531266773119,0.38874651003380956]},{"Umbral":0.14022658848786027,"SalidaNeurona":0.40781554887631277,"PesosActuales":[-0.19821020114407845,0.0945513937273545],"UmbralActual":0.14022658848786027,"ErrorLineal":0.0,"PesosAnteriores":[-0.19821020114407845,0.0945513937273545],"UmbralAnterior":0.14022658848786027,"Pesos":[-0.19821020114407845,0.0945513937273545]},{"Umbral":0.039875147207971341,"SalidaNeurona":0.32841761864146135,"PesosActuales":[-0.18706951588302781,0.11410886762980031],"UmbralActual":0.039875147207971341,"ErrorLineal":0.0,"PesosAnteriores":[-0.18706951588302781,0.11410886762980031],"UmbralAnterior":0.039875147207971341,"Pesos":[-0.18706951588302781,0.11410886762980031]},{"Umbral":0.98283295688096006,"SalidaNeurona":-0.27461116373509659,"PesosActuales":[0.77493006935990916,-0.48974718976821385],"UmbralActual":0.98283295688096006,"ErrorLineal":0.0,"PesosAnteriores":[0.77493006935990916,-0.48974718976821385],"UmbralAnterior":0.98283295688096006,"Pesos":[0.77493006935990916,-0.48974718976821385]},{"Umbral":1.0667845482133615,"SalidaNeurona":-0.084226544327367758,"PesosActuales":[0.80784661880047259,-0.34336449663551111],"UmbralActual":1.0667845482133615,"ErrorLineal":0.0,"PesosAnteriores":[0.80784661880047259,-0.34336449663551116],"UmbralAnterior":1.0667845482133615,"Pesos":[0.80784661880047259,-0.34336449663551111]},{"Umbral":0.0442836170449242,"SalidaNeurona":-0.39554238756350713,"PesosActuales":[0.47748205462949245,0.014844997874105027],"UmbralActual":0.0442836170449242,"ErrorLineal":0.0,"PesosAnteriores":[0.47748205462949245,0.014844997874105016],"UmbralAnterior":0.044283617044924194,"Pesos":[0.47748205462949245,0.014844997874105027]},{"Umbral":0.0287445778331515,"SalidaNeurona":0.38097388951271965,"PesosActuales":[-0.075628693992836782,0.296825124558565],"UmbralActual":0.0287445778331515,"ErrorLineal":0.0,"PesosAnteriores":[-0.075628693992836782,0.296825124558565],"UmbralAnterior":0.028744577833151493,"Pesos":[-0.075628693992836782,0.296825124558565]},{"Umbral":0.40023440840176872,"SalidaNeurona":0.90509878682440015,"PesosActuales":[-0.68803094969471568,0.41146096868193194],"UmbralActual":0.40023440840176872,"ErrorLineal":0.0,"PesosAnteriores":[-0.68803094969471568,0.41146096868193194],"UmbralAnterior":0.40023440840176872,"Pesos":[-0.68803094969471568,0.41146096868193194]},{"Umbral":0.86349608324409455,"SalidaNeurona":0.9645811150043323,"PesosActuales":[-1.1831703169187995,-0.038771812059759735],"UmbralActual":0.86349608324409455,"ErrorLineal":0.0,"PesosAnteriores":[-1.1831703169187995,-0.038771812059759735],"UmbralAnterior":0.86349608324409455,"Pesos":[-1.1831703169187995,-0.038771812059759735]},{"Umbral":1.3159786588569418,"SalidaNeurona":0.997760269717497,"PesosActuales":[-1.6780113949535478,0.40272320512104814],"UmbralActual":1.3159786588569418,"ErrorLineal":0.0,"PesosAnteriores":[-1.6780113949535478,0.40272320512104814],"UmbralAnterior":1.3159786588569418,"Pesos":[-1.6780113949535478,0.40272320512104814]},{"Umbral":-0.01294314004233647,"SalidaNeurona":-0.094054185208992447,"PesosActuales":[0.1162219406738056,0.0348320737079648],"UmbralActual":-0.01294314004233647,"ErrorLineal":0.0,"PesosAnteriores":[0.1162219406738056,0.0348320737079648],"UmbralAnterior":-0.012943140042336472,"Pesos":[0.1162219406738056,0.0348320737079648]},{"Umbral":1.0186711844939615,"SalidaNeurona":0.992270345315208,"PesosActuales":[-0.955821761796786,0.80149003117827022],"UmbralActual":1.0186711844939615,"ErrorLineal":0.0,"PesosAnteriores":[-0.955821761796786,0.80149003117827022],"UmbralAnterior":1.0186711844939615,"Pesos":[-0.955821761796786,0.80149003117827022]},{"Umbral":1.5091978421178667,"SalidaNeurona":0.99344222758949,"PesosActuales":[-1.5273585163921384,-0.17807275236499512],"UmbralActual":1.5091978421178667,"ErrorLineal":0.0,"PesosAnteriores":[-1.5273585163921384,-0.17807275236499512],"UmbralAnterior":1.5091978421178667,"Pesos":[-1.5273585163921384,-0.17807275236499512]},{"Umbral":1.4437843879522911,"SalidaNeurona":0.89159360641830443,"PesosActuales":[0.1146506641535396,0.1005102072666217],"UmbralActual":1.4437843879522911,"ErrorLineal":0.0,"PesosAnteriores":[0.11465066415353958,0.10051020726662172],"UmbralAnterior":1.4437843879522911,