{"SalidasDeseadas":[[0.0,1.0,0.0,0.0],[1.0,1.0,0.0,1.0],[1.0,1.0,0.0,1.0],[0.0,0.0,1.0,1.0]],"SalidasReales":[[0.00018960621110308828,1.000451247735705,0.00095392583947795373,0.0003653951615012474],[0.9992776098575874,0.99812041396086792,-0.0023956565144251929,1.000853310741058],[1.0006522479548714,0.999134881355471,0.0001420019543503237,0.99911803434466284],[-0.00015168626207506808,0.0028762158359544043,1.0015379066225512,0.99954606355754172]],"Entradas":[[0.0,0.0],[0.0,1.0],[1.0,0.0],[1.0,1.0]],"MayoresEntradas":[1.0,1.0],"MayoresSalidas":[1.0,1.0,1.0,1.0],"RataDinamica":4.5581001489489E-184,"AlgoritmoEntrenamiento":1,"ErrorMaximo":0.001,"ErrorEntrenamiento":0.00096076235980887235,"RataAprendizaje":0.1,"Patrones":4,"IteracionesEntrenamiento":112,"IteracionesRequeridas":200,"CantidadEntradas":2,"CantidadSalidas":4,"Entrenando":false,"Capas":[{"Tipo":1,"FuncionActivacion":1,"Salidas":[0.95473075205408542,0.97529122486353825,0.96050307049991157,0.89335921424120257],"Neuronas":[{"Umbral":0.63612124607931719,"SalidaNeurona":0.95473075205408542,"PesosActuales":[-1.8036674400313055,3.0503506765012416],"UmbralActual":0.63612124607931719,"ErrorLineal":0.0,"PesosAnteriores":[-1.8037056356264487,3.0503124809060984],"UmbralAnterior":0.63608305048417391,"Pesos":[-1.8036674400313055,3.0503506765012416]},{"Umbral":-1.5960833097501135,"SalidaNeurona":0.97529122486353825,"PesosActuales":[2.0835703267499768,1.7032859854247449],"UmbralActual":-1.5960833097501135,"ErrorLineal":0.0,"PesosAnteriores":[2.0835314380864736,1.7032470967612416],"UmbralAnterior":-1.5961221984136167,"Pesos":[2.0835703267499768,1.7032859854247449]},{"Umbral":0.750056175911891,"SalidaNeurona":0.96050307049991157,"PesosActuales":[3.1459604818995821,-1.9435779362640622],"UmbralActual":0.750056175911891,"ErrorLineal":0.0,"PesosAnteriores":[3.1459364835842067,-1.9436019345794378],"UmbralAnterior":0.75003217759651553,"Pesos":[3.1459604818995821,-1.9435779362640622]},{"Umbral":0.79220623695526482,"SalidaNeurona":0.89335921424120257,"PesosActuales":[-0.52420199745948226,1.1703675962133748],"UmbralActual":0.79220623695526482,"ErrorLineal":0.0,"PesosAnteriores":[-0.52421896798367851,1.1703506256891787],"UmbralAnterior":0.79218926643106857,"Pesos":[-0.52420199745948226,1.1703675962133748]}],"ErroresNoLineales":[0.0021582068202965821,0.0039839205673123795,0.0015496010395935384,0.00042025114721720692],"ErroresLineales":[0.0,0.0,0.0,0.0],"MatrizPesos":[[-1.8037056356264487,2.0835314380864736,3.1459364835842067,-0.52421896798367851],[3.0503124809060984,1.7032470967612416,-1.9436019345794378,1.1703506256891787]]},{"Tipo":1,"FuncionActivacion":0,"Salidas":[0.10006029259976794,0.68677947848571064,0.15832183641021419],"Neuronas":[{"Umbral":1.2663630910256176,"SalidaNeurona":0.10006029259976794,"PesosActuales":[-1.0086898593995024,-1.7174257860036892,-0.731077372537547,-0.13758157666178514],"UmbralActual":1.2663630910256176,"ErrorLineal":0.0,"PesosAnteriores":[-1.0086458184283715,-1.7173807965942816,-0.73103306529395207,-0.13754036671093864],"UmbralAnterior":1.2664092202311932,"Pesos":[-1.0086898593995024,-1.7174257860036892,-0.731077372537547,-0.13758157666178514]},{"Umbral":0.54389407058916683,"SalidaNeurona":0.68677947848571064,"PesosActuales":[0.3903543180821657,-1.3800092327937563,0.82480717320507857,0.47271517126982532],"UmbralActual":0.54389407058916683,"ErrorLineal":0.0,"PesosAnteriores":[0.39033453776484395,-1.3800294390873815,0.82478727329562018,0.47269666246124026],"UmbralAnterior":0.5438733523738174,"Pesos":[0.3903543180821657,-1.3800092327937563,0.82480717320507857,0.47271517126982532]},{"Umbral":0.877584043036727,"SalidaNeurona":0.15832183641021419,"PesosActuales":[-1.3286368630903707,0.54090393565739758,-1.5599243119308577,-0.345921066173708],"UmbralActual":0.877584043036727,"ErrorLineal":0.0,"PesosAnteriores":[-1.3286486077342472,0.540891938088358,-1.5599361275830519,-0.34593205585409958],"UmbralAnterior":0.87757174151208117,"Pesos":[-1.3286368630903707,0.54090393565739758,-1.5599243119308577,-0.345921066173708]}],"ErroresNoLineales":[-0.0025613610255160188,0.00048156490495612428,0.0004615747749897465],"ErroresLineales":[0.0,0.0,0.0],"MatrizPesos":[[-1.0086458184283715,0.39033453776484395,-1.3286486077342472],[-1.7173807965942816,-1.3800294390873815,0.540891938088358],[-0.73103306529395207,0.82478727329562018,-1.5599361275830519],[-0.13754036671093864,0.47269666246124026,-0.34593205585409958]]},{"Tipo":2,"FuncionActivacion":5,"Salidas":[-0.00015168626207506808,0.0028762158359544043,1.0015379066225512,0.99954606355754172],"Neuronas":[{"Umbral":0.66669075566212244,"SalidaNeurona":-0.00015168626207506808,"PesosActuales":[0.45194827372371454,-1.3661962314343212,1.4290936266364915],"UmbralActual":0.66669075566212244,"ErrorLineal":0.0,"PesosAnteriores":[0.45194523816936122,-1.3662170664367135,1.4290888235869776],"UmbralAnterior":0.66666041840970747,"Pesos":[0.45194827372371454,-1.3661962314343212,1.4290936266364915]},{"Umbral":-0.16621441743856771,"SalidaNeurona":0.0028762158359544043,"PesosActuales":[1.3528373485056644,-0.081167831858385664,0.559638464548245],"UmbralActual":-0.16621441743856771,"ErrorLineal":0.0,"PesosAnteriores":[1.3528949075052896,-0.080772766656019845,0.55972953810285708],"UmbralAnterior":-0.16563917427137684,"Pesos":[1.3528373485056644,-0.081167831858385664,0.559638464548245]},{"Umbral":1.5663855332339773,"SalidaNeurona":1.0015379066225512,"PesosActuales":[-1.1633369015057404,-0.45964658327739982,-0.841522587247459],"UmbralActual":1.5663855332339773,"ErrorLineal":0.0,"PesosAnteriores":[-1.1633061248284118,-0.45943534273576075,-0.841473890407317],"UmbralAnterior":1.5666931145584875,"Pesos":[-1.1633369015057404,-0.45964658327739982,-0.841522587247459]},{"Umbral":1.2988138466224843,"SalidaNeurona":0.99954606355754172,"PesosActuales":[-1.1626059783326987,-0.55086786417611433,1.2349809312901434],"UmbralActual":1.2988138466224843,"ErrorLineal":0.0,"PesosAnteriores":[-1.1626150625353495,-0.55093021502275774,1.2349665576799067],"UmbralAnterior":1.2987230593339927,"Pesos":[-1.1626059783326987,-0.55086786417611433,1.2349809312901434]}],"ErroresNoLineales":[0.0,0.0,0.0,0.0],"ErroresLineales":[0.00015168626207506808,-0.0028762158359544043,-0.0015379066225511551,0.00045393644245828035],"MatrizPesos":[[0.45194523816936122,1.3528949075052896,-1.1633061248284118,-1.1626150625353495],[-1.3662170664367135,-0.080772766656019845,-0.45943534273576075,-0.55093021502275774],[1.4290888235869776,0.55972953810285708,-0.841473890407317,1.2349665576799067]]}],"Entrenada":false,"variacionRealDeseada":[0.0,0.0,0.0,0.0,0.0,0.0,0.0,0.0],"ErroresLinealUltimaCapa":[0.00015168626207506808,-0.0028762158359544043,-0.0015379066225511551,0.00045393644245828035]}