{"SalidasDeseadas":[[-0.75797158443831347],[0.93966572529947068],[0.32829945817844974],[0.08975298361207168],[0.43843754147409958],[0.69464822681322613],[-0.018812864379200205],[0.72744091459001359],[1.0],[0.33903509557328509]],"SalidasReales":[[-0.74768038194766817],[0.93917536885665176],[0.31784120004289307],[0.071542237813572218],[0.44899052871646661],[0.73939289170825417],[-0.039480489859772039],[0.71931021130302952],[0.9698873768634918],[0.36305138694159556]],"Entradas":[[0.0,0.5,-0.625],[0.34090909083161158,1.0,0.625],[0.20454545449896694,0.23885350318471338,0.3125],[0.38636363650309918,0.5,0.43749999999999994],[0.48863636375258268,1.0,-0.3125],[0.59090909100206612,0.23885350318471338,0.625],[0.69318181825154956,0.5,0.0625],[0.79545454550103312,1.0,0.0],[0.89772727275051656,0.23885350318471338,1.0],[1.0,0.5,0.5625]],"MayoresEntradas":[1.0,1.0,1.0],"MayoresSalidas":[1.0],"RataDinamica":0.0,"AlgoritmoEntrenamiento":1,"ErrorMaximo":5E-05,"ErrorEntrenamiento":0.017767545827729,"RataAprendizaje":0.0001,"Patrones":10,"IteracionesEntrenamiento":200,"IteracionesRequeridas":200,"CantidadEntradas":3,"CantidadSalidas":1,"Entrenando":true,"Capas":[{"Tipo":1,"FuncionActivacion":4,"Salidas":[-0.913137879342667,-0.90029887139699472],"Neuronas":[{"Umbral":1.4700492707749084,"SalidaNeurona":-0.913137879342667,"PesosActuales":[-0.14594294212091041,2.7133474226250831,0.072782140325735822],"UmbralActual":1.4700492707749084,"ErrorLineal":0.0,"PesosAnteriores":[-0.14594578855546225,2.7133459994078071,0.072780539206300413],"UmbralAnterior":1.4700464243403566,"Pesos":[-0.14594294212091041,2.7133474226250831,0.072782140325735822]},{"Umbral":0.76136047037375876,"SalidaNeurona":-0.90029887139699472,"PesosActuales":[0.66336723049072577,1.1910575220230768,1.1928744233011528],"UmbralActual":0.76136047037375876,"ErrorLineal":0.0,"PesosAnteriores":[0.66336865696280722,1.1910582352591175,1.1928752256916986],"UmbralAnterior":0.76136189684584021,"Pesos":[0.66336723049072577,1.1910575220230768,1.1928744233011528]}],"ErroresNoLineales":[-0.034912653446477489,0.016385975004845874],"ErroresLineales":[0.0,0.0],"MatrizPesos":[[-0.14594578855546225,0.66336865696280722],[2.7133459994078071,1.1910582352591175],[0.072780539206300413,1.1928752256916986]]},{"Tipo":1,"FuncionActivacion":3,"Salidas":[0.17682185032074219],"Neuronas":[{"Umbral":0.73822152875403335,"SalidaNeurona":0.17682185032074219,"PesosActuales":[1.1424488755998163,-0.53619125962496417],"UmbralActual":0.73822152875403335,"ErrorLineal":0.0,"PesosAnteriores":[1.1424433825086819,-0.53619667548149641],"UmbralAnterior":0.73822754437473925,"Pesos":[1.1424488755998163,-0.53619125962496417]}],"ErroresNoLineales":[-0.030559635585452893],"ErroresLineales":[0.0],"MatrizPesos":[[1.1424433825086819],[-0.53619667548149641]]},{"Tipo":2,"FuncionActivacion":5,"Salidas":[0.36305138694159556],"Neuronas":[{"Umbral":0.13804884250512098,"SalidaNeurona":0.36305138694159556,"PesosActuales":[1.2724535491035633],"UmbralActual":0.13804884250512098,"ErrorLineal":0.0,"PesosAnteriores":[1.2724543984245789],"UmbralAnterior":0.13805364576339463,"Pesos":[1.2724535491035633]}],"ErroresNoLineales":[0.0],"ErroresLineales":[-0.024016291368310461],"MatrizPesos":[[1.2724543984245789]]}],"Entrenada":false,"variacionRealDeseada":[0.0,0.0],"ErroresLinealUltimaCapa":[-0.024016291368310461]}