{"SalidasDeseadas":[[0.0,1.0],[0.0,1.0],[0.0,1.0],[1.0,1.0],[-1.0,1.0],[0.0,1.0],[0.0,-1.0],[0.0,-1.0],[0.0,-1.0],[0.0,1.0],[0.0,1.0],[0.0,1.0]],"SalidasReales":[[0.0090131560774637659,0.99999999814051832],[-0.00148963335082359,0.99999999825401564],[-0.0086899835424118846,0.99999999693898445],[0.99880158154961951,0.99963001374710159],[-0.99966588900382714,0.99961037362453042],[0.001083726304038917,0.99994827229640726],[-0.0014720142137336608,-0.99947846997726375],[-0.0026126110618371261,-0.99997684138712906],[0.0040878466974728737,-0.999954575238481],[-0.0055848889538697632,0.99999999915375826],[0.0048648044910004377,0.99999999887482582],[0.0016962217856859884,0.9999999994754516]],"Entradas":[[0.0,0.0],[0.0,1.0],[0.0,-1.0],[0.5,1.0],[0.5,-1.0],[0.5,0.0],[1.0,1.0],[1.0,-1.0],[1.0,0.0],[-1.0,0.0],[-1.0,-1.0],[-1.0,1.0]],"MayoresEntradas":[1.0,1.0],"MayoresSalidas":[1.0,1.0],"RataDinamica":0.0,"AlgoritmoEntrenamiento":1,"ErrorMaximo":5E-10,"ErrorEntrenamiento":0.0018137032840176758,"RataAprendizaje":0.009,"Patrones":12,"IteracionesEntrenamiento":25000,"IteracionesRequeridas":25000,"CantidadEntradas":2,"CantidadSalidas":2,"Entrenando":true,"Capas":[{"Tipo":1,"FuncionActivacion":1,"Salidas":[0.37958592885511783,0.999477977566054,0.999999974866314,0.99999211554366763,0.582114487828121],"Neuronas":[{"Umbral":1.3593635952908159,"SalidaNeurona":0.37958592885511783,"PesosActuales":[0.54436123328900921,-0.41551864142310774],"UmbralActual":1.3593635952908159,"ErrorLineal":0.0,"PesosAnteriores":[0.54433054518772339,-0.41548795332182192],"UmbralAnterior":1.3593942833921018,"Pesos":[0.54436123328900921,-0.41551864142310774]},{"Umbral":1.782677116755526,"SalidaNeurona":0.999477977566054,"PesosActuales":[-2.0535895056290805,0.28907662012882523],"UmbralActual":1.782677116755526,"ErrorLineal":0.0,"PesosAnteriores":[-2.0535894463530506,0.28907656085279543],"UmbralAnterior":1.7826770574794961,"Pesos":[-2.0535895056290805,0.28907662012882523]},{"Umbral":2.9393097183471428,"SalidaNeurona":0.999999974866314,"PesosActuales":[-5.1640708589838935,0.99272141568457828],"UmbralActual":2.9393097183471428,"ErrorLineal":0.0,"PesosAnteriores":[-5.16407085898963,0.99272141569031469],"UmbralAnterior":2.9393097183528791,"Pesos":[-5.1640708589838935,0.99272141568457828]},{"Umbral":2.5571441356884437,"SalidaNeurona":0.99999211554366763,"PesosActuales":[-4.5302343406317274,-0.86549820865069371],"UmbralActual":2.5571441356884437,"ErrorLineal":0.0,"PesosAnteriores":[-4.5302343393848776,-0.86549820989754389],"UmbralAnterior":2.5571441344415935,"Pesos":[-4.5302343406317274,-0.86549820865069371]},{"Umbral":2.2905363433489092,"SalidaNeurona":0.582114487828121,"PesosActuales":[1.2306083298201205,-0.394168342095216],"UmbralActual":2.2905363433489092,"ErrorLineal":0.0,"PesosAnteriores":[1.2306432179529441,-0.39420323022803949],"UmbralAnterior":2.2905014552160856,"Pesos":[1.2306083298201205,-0.394168342095216]}],"ErroresNoLineales":[-0.0019918981052801554,0.0031550105096453795,-0.006339913331510294,0.0043928028950849579,0.0029316356872737203],"ErroresLineales":[0.0,0.0,0.0,0.0,0.0],"MatrizPesos":[[0.54433054518772339,-2.0535894463530506,-5.16407085898963,-4.5302343393848776,1.2306432179529441],[-0.41548795332182192,0.28907656085279543,0.99272141569031469,-0.86549820989754389,-0.39420323022803949]]},{"Tipo":2,"FuncionActivacion":1,"Salidas":[0.0016962217856859884,0.9999999994754516],"Neuronas":[{"Umbral":1.2731179247626707,"SalidaNeurona":0.0016962217856859884,"PesosActuales":[1.1743027730397555,-1.8600518639830927,3.73763787994538,-2.5897868298397593,-1.7283504742019196],"UmbralActual":1.2731179247626707,"ErrorLineal":0.0,"PesosAnteriores":[1.1743143625543526,-1.8600213479293353,3.7376684119367551,-2.5897562980883451,-1.7283327010869511],"UmbralAnterior":1.273148456754813,"Pesos":[1.1743027730397555,-1.8600518639830927,3.73763787994538,-2.5897868298397593,-1.7283504742019196]},{"Umbral":1.9794074500589685,"SalidaNeurona":0.9999999994754516,"PesosActuales":[-0.95371848184931063,3.3885273640288824,2.3953693700431096,3.5128312160620703,0.20355895374340136],"UmbralActual":1.9794074500589685,"ErrorLineal":0.0,"PesosAnteriores":[-0.95371848185289465,3.3885273640194455,2.3953693700336678,3.5128312160526285,0.20355895373790511],"UmbralAnterior":1.9794074500495267,"Pesos":[-0.95371848184931063,3.3885273640288824,2.3953693700431096,3.5128312160620703,0.20355895374340136]}],"ErroresNoLineales":[0.0,0.0],"ErroresLineales":[-0.0016962217856859884,5.2454840471227726E-10],"MatrizPesos":[[1.1743143625543526,-0.95371848185289465],[-1.8600213479293353,3.3885273640194455],[3.7376684119367551,2.3953693700336678],[-2.5897562980883451,3.5128312160526285],[-1.7283327010869511,0.20355895373790511]]}],"Entrenada":false,"variacionRealDeseada":[0.0,0.0,0.0,0.0],"ErroresLinealUltimaCapa":[-0.0016962217856859884,5.2454840471227726E-10]}