{"SalidasDeseadas":[[0.0],[1.0],[1.0],[0.0]],"SalidasReales":[[-1.3096643503018868E-07],[1.0000024858252721],[0.99999901022120818],[1.8904104276407097E-07]],"Entradas":[[0.0,0.0],[0.0,1.0],[1.0,0.0],[1.0,1.0]],"MayoresEntradas":[1.0,1.0],"MayoresSalidas":[1.0],"RataDinamica":0.0,"AlgoritmoEntrenamiento":1,"ErrorMaximo":1E-06,"ErrorEntrenamiento":9.4890288541982226E-07,"RataAprendizaje":0.5,"Patrones":4,"IteracionesEntrenamiento":16,"IteracionesRequeridas":200,"CantidadEntradas":2,"CantidadSalidas":1,"Entrenando":false,"Capas":[{"Tipo":1,"FuncionActivacion":0,"Salidas":[0.96924222063311893,0.15063926761250954],"Neuronas":[{"Umbral":2.2897032432844266,"SalidaNeurona":0.96924222063311893,"PesosActuales":[4.9810165483616737,-3.8203481515233988],"UmbralActual":2.2897032432844266,"ErrorLineal":0.0,"PesosAnteriores":[4.9810165351706894,-3.8203481647143831],"UmbralAnterior":2.2897032300934423,"Pesos":[4.9810165483616737,-3.8203481515233988]},{"Umbral":-2.2876320454623342,"SalidaNeurona":0.15063926761250954,"PesosActuales":[3.60944547501127,-3.0514095718221372],"UmbralActual":-2.2876320454623342,"ErrorLineal":0.0,"PesosAnteriores":[3.609445534272711,-3.0514095125606961],"UmbralAnterior":-2.2876319862008931,"Pesos":[3.60944547501127,-3.0514095718221372]}],"ErroresNoLineales":[4.424761849034626E-07,-4.6317150435218628E-07],"ErroresLineales":[0.0,0.0],"MatrizPesos":[[4.9810165351706894,3.609445534272711],[-3.8203481647143831,-3.0514095125606961]]},{"Tipo":1,"FuncionActivacion":1,"Salidas":[-0.83646373005982833],"Neuronas":[{"Umbral":2.0383607777608561,"SalidaNeurona":-0.83646373005982833,"PesosActuales":[-4.0017407783345051,4.1889085615125436],"UmbralActual":2.0383607777608561,"ErrorLineal":0.0,"PesosAnteriores":[-4.0017407461483039,4.1889085665149111],"UmbralAnterior":2.0383608109684488,"Pesos":[-4.0017407783345051,4.1889085615125436]}],"ErroresNoLineales":[-1.1057092724693578E-07],"ErroresLineales":[0.0],"MatrizPesos":[[-4.0017407461483039],[4.1889085665149111]]},{"Tipo":2,"FuncionActivacion":5,"Salidas":[1.8904104276407097E-07],"Neuronas":[{"Umbral":0.48925126992964374,"SalidaNeurona":1.8904104276407097E-07,"PesosActuales":[0.58490450286624307],"UmbralActual":0.48925126992964374,"ErrorLineal":0.0,"PesosAnteriores":[0.58490434474026731],"UmbralAnterior":0.4892514589706865,"Pesos":[0.58490450286624307]}],"ErroresNoLineales":[0.0],"ErroresLineales":[-1.8904104276407097E-07],"MatrizPesos":[[0.58490434474026731]]}],"Entrenada":false,"variacionRealDeseada":[0.0,0.0],"ErroresLinealUltimaCapa":[-1.8904104276407097E-07]}