{"SalidasDeseadas":[[0.0],[1.0],[1.0],[0.0]],"SalidasReales":[[-0.00025852895320366276],[0.99978241366791853],[1.0002307682729554],[0.0002575437697968086]],"Entradas":[[0.0,0.0],[0.0,1.0],[1.0,0.0],[1.0,1.0]],"MayoresEntradas":[1.0,1.0],"MayoresSalidas":[1.0],"RataDinamica":0.0,"AlgoritmoEntrenamiento":1,"ErrorMaximo":5E-05,"ErrorEntrenamiento":0.00024110683200934124,"RataAprendizaje":0.01,"Patrones":4,"IteracionesEntrenamiento":200,"IteracionesRequeridas":200,"CantidadEntradas":2,"CantidadSalidas":1,"Entrenando":true,"Capas":[{"Tipo":1,"FuncionActivacion":3,"Salidas":[-0.99735145439592843,0.38026438879522639],"Neuronas":[{"Umbral":-1.8319292145666324,"SalidaNeurona":-0.99735145439592843,"PesosActuales":[3.6328368591293296,-3.4444992170183188],"UmbralActual":-1.8319292145666324,"ErrorLineal":0.0,"PesosAnteriores":[3.6328362104353391,-3.4444998657123094],"UmbralAnterior":-1.8319298632606227,"Pesos":[3.6328368591293296,-3.4444992170183188]},{"Umbral":-3.4335847395935915,"SalidaNeurona":0.38026438879522639,"PesosActuales":[-5.9875085312501115,3.5279578936104961],"UmbralActual":-3.4335847395935915,"ErrorLineal":0.0,"PesosAnteriores":[-5.9874977935115457,3.5279686313490619],"UmbralAnterior":-3.4335740018550256,"Pesos":[-5.9875085312501115,3.5279578936104961]}],"ErroresNoLineales":[-0.00044594254306851085,-0.00058049497210354174],"ErroresLineales":[0.0,0.0],"MatrizPesos":[[3.6328362104353391,-5.9874977935115457],[-3.4444998657123094,3.5279686313490619]]},{"Tipo":1,"FuncionActivacion":1,"Salidas":[0.99783890061244374],"Neuronas":[{"Umbral":1.7842783189652229,"SalidaNeurona":0.99783890061244374,"PesosActuales":[-3.245385006820332,-4.2246017999418193],"UmbralActual":1.7842783189652229,"ErrorLineal":0.0,"PesosAnteriores":[-3.2453849949864808,-4.2246018044537612],"UmbralAnterior":1.7842783070999459,"Pesos":[-3.245385006820332,-4.2246017999418193]}],"ErroresNoLineales":[0.00013740821004515938],"ErroresLineales":[0.0],"MatrizPesos":[[-3.2453849949864808],[-4.2246018044537612]]},{"Tipo":2,"FuncionActivacion":5,"Salidas":[0.0002575437697968086],"Neuronas":[{"Umbral":0.53263280091110687,"SalidaNeurona":0.0002575437697968086,"PesosActuales":[-0.53353856652240028],"UmbralActual":0.53263280091110687,"ErrorLineal":0.0,"PesosAnteriores":[-0.533533426778558],"UmbralAnterior":0.53263795178650286,"Pesos":[-0.53353856652240028]}],"ErroresNoLineales":[0.0],"ErroresLineales":[-0.0002575437697968086],"MatrizPesos":[[-0.533533426778558]]}],"Entrenada":false,"variacionRealDeseada":[0.0,0.0],"ErroresLinealUltimaCapa":[-0.0002575437697968086]}